﻿<?xml version="1.0" encoding="utf-8"?>
<FinancialDisclosure>
  <Member>
    <Prefix>Hon.</Prefix>
    <Last>Allen</Last>
    <First>Richard W.</First>
    <Suffix />
    <FilingType>P</FilingType>
    <StateDst>GA12</StateDst>
    <Year>2026</Year>
    <FilingDate>1/15/2026</FilingDate>
    <DocID>20033751</DocID>
  </Member>
  <Member>
    <Prefix>Hon.</Prefix>
    <Last>Allen</Last>
    <First>Richard W.</First>
    <Suffix />
    <FilingType>P</FilingType>
    <StateDst>GA12</StateDst>
    <Year>2026</Year>
    <FilingDate>2/17/2026</FilingDate>
    <DocID>20033945</DocID>
  </Member>
  <Member>
    <Prefix />
    <Last>Amador</Last>
    <First>Jaliel</First>
    <Suffix />
    <FilingType>C</FilingType>
    <StateDst>NY13</StateDst>
    <Year>2026</Year>
    <FilingDate>1/30/2026</FilingDate>
    <DocID>10073252</DocID>
  </Member>
  <Member>
    <Prefix />
    <Last>Anderson</Last>
    <First>Elizabeth</First>
    <Suffix />
    <FilingType>W</FilingType>
    <StateDst>AL06</StateDst>
    <Year>2026</Year>
    <FilingDate>1/20/2026</FilingDate>
    <DocID>8036</DocID>
  </Member>
  <Member>
    <Prefix>Hon.</Prefix>
    <Last>Auchincloss</Last>
    <First>Jake</First>
    <Suffix />
    <FilingType>P</FilingType>
    <StateDst>MA04</StateDst>
    <Year>2026</Year>
    <FilingDate>2/19/2026</FilingDate>
    <DocID>20034024</DocID>
  </Member>
  <Member>
    <Prefix />
    <Last>Balow</Last>
    <First>Jillian</First>
    <Suffix />
    <FilingType>X</FilingType>
    <StateDst>WY00</StateDst>
    <Year>2026</Year>
    <FilingDate>2/18/2026</FilingDate>
    <DocID>30025664</DocID>
  </Member>
  <Member>
    <Prefix />
    <Last>Bartlett</Last>
    <First>John</First>
    <Suffix />
    <FilingType>C</FilingType>
    <StateDst>NJ11</StateDst>
    <Year>2026</Year>
    <FilingDate>1/14/2026</FilingDate>
    <DocID>10073181</DocID>
  </Member>
  <Member>
    <Prefix>Hon.</Prefix>
    <Last>Beyer</Last>
    <First>Donald Sternoff</First>
    <Suffix>Jr</Suffix>
    <FilingType>P</FilingType>
    <StateDst>VA08</StateDst>
    <Year>2026</Year>
    <FilingDate>1/2/2026</FilingDate>
    <DocID>20033714</DocID>
  </Member>
  <Member>
    <Prefix>Hon.</Prefix>
    <Last>Beyer</Last>
    <First>Donald Sternoff</First>
    <Suffix>Jr</Suffix>
    <FilingType>P</FilingType>
    <StateDst>VA08</StateDst>
    <Year>2026</Year>
    <FilingDate>1/31/2026</FilingDate>
    <DocID>20033903</DocID>
  </Member>
  <Member>
    <Prefix>Hon.</Prefix>
    <Last>Biggs</Last>
    <First>Sheri</First>
    <Suffix />
    <FilingType>P</FilingType>
    <StateDst>SC03</StateDst>
    <Year>2026</Year>
    <FilingDate>1/14/2026</FilingDate>
    <DocID>20033800</DocID>
  </Member>
  <Member>
    <Prefix>Hon.</Prefix>
    <Last>Biggs</Last>
    <First>Sheri</First>
    <Suffix />
    <FilingType>P</FilingType>
    <StateDst>SC03</StateDst>
    <Year>2026</Year>
    <FilingDate>2/5/2026</FilingDate>
    <DocID>20033927</DocID>
  </Member>
  <Member>
    <Prefix>Hon.</Prefix>
    <Last>Biggs</Last>
    <First>Sheri</First>
    <Suffix />
    <FilingType>P</FilingType>
    <StateDst>SC03</StateDst>
    <Year>2026</Year>
    <FilingDate>2/17/2026</FilingDate>
    <DocID>20034013</DocID>
  </Member>
  <Member>
    <Prefix />
    <Last>Boyd</Last>
    <First>David Lawrence</First>
    <Suffix />
    <FilingType>D</FilingType>
    <StateDst>IN06</StateDst>
    <Year>2026</Year>
    <FilingDate>1/30/2026</FilingDate>
    <DocID>8221329</DocID>
  </Member>
  <Member>
    <Prefix>Hon.</Prefix>
    <Last>Bresnahan</Last>
    <First>Rob</First>
    <Suffix />
    <FilingType>P</FilingType>
    <StateDst>PA08</StateDst>
    <Year>2026</Year>
    <FilingDate>2/22/2026</FilingDate>
    <DocID>20034044</DocID>
  </Member>
  <Member>
    <Prefix />
    <Last>Buckhout</Last>
    <First>Laurie</First>
    <Suffix />
    <FilingType>C</FilingType>
    <StateDst>NC01</StateDst>
    <Year>2026</Year>
    <FilingDate>1/24/2026</FilingDate>
    <DocID>10073198</DocID>
  </Member>
  <Member>
    <Prefix />
    <Last>Buckhout</Last>
    <First>Laurie</First>
    <Suffix />
    <FilingType>X</FilingType>
    <StateDst>NC01</StateDst>
    <Year>2026</Year>
    <FilingDate>1/13/2026</FilingDate>
    <DocID>8221292</DocID>
  </Member>
  <Member>
    <Prefix />
    <Last>Carl</Last>
    <First>Boyanton Lester</First>
    <Suffix />
    <FilingType>C</FilingType>
    <StateDst>MS04</StateDst>
    <Year>2026</Year>
    <FilingDate>2/11/2026</FilingDate>
    <DocID>10073344</DocID>
  </Member>
  <Member>
    <Prefix>Hon.</Prefix>
    <Last>Carl</Last>
    <First>Jerry Lee</First>
    <Suffix />
    <FilingType>C</FilingType>
    <StateDst>AL01</StateDst>
    <Year>2026</Year>
    <FilingDate>1/14/2026</FilingDate>
    <DocID>10073197</DocID>
  </Member>
  <Member>
    <Prefix />
    <Last>Cervantes</Last>
    <First>Lyndon</First>
    <Suffix />
    <FilingType>X</FilingType>
    <StateDst>CA03</StateDst>
    <Year>2026</Year>
    <FilingDate>1/21/2026</FilingDate>
    <DocID>8221305</DocID>
  </Member>
  <Member>
    <Prefix>Hon.</Prefix>
    <Last>Cisneros</Last>
    <First>Gilbert</First>
    <Suffix />
    <FilingType>P</FilingType>
    <StateDst>CA31</StateDst>
    <Year>2026</Year>
    <FilingDate>1/12/2026</FilingDate>
    <DocID>20033762</DocID>
  </Member>
  <Member>
    <Prefix>Hon.</Prefix>
    <Last>Cisneros</Last>
    <First>Gilbert</First>
    <Suffix />
    <FilingType>P</FilingType>
    <StateDst>CA31</StateDst>
    <Year>2026</Year>
    <FilingDate>2/13/2026</FilingDate>
    <DocID>20033983</DocID>
  </Member>
  <Member>
    <Prefix>Hon.</Prefix>
    <Last>Cohen</Last>
    <First>Steve</First>
    <Suffix />
    <FilingType>P</FilingType>
    <StateDst>TN09</StateDst>
    <Year>2026</Year>
    <FilingDate>1/14/2026</FilingDate>
    <DocID>20033754</DocID>
  </Member>
  <Member>
    <Prefix>Hon.</Prefix>
    <Last>Cohen</Last>
    <First>Steve</First>
    <Suffix />
    <FilingType>P</FilingType>
    <StateDst>TN09</StateDst>
    <Year>2026</Year>
    <FilingDate>1/26/2026</FilingDate>
    <DocID>20033813</DocID>
  </Member>
  <Member>
    <Prefix>Hon.</Prefix>
    <Last>Cohen</Last>
    <First>Steve</First>
    <Suffix />
    <FilingType>P</FilingType>
    <StateDst>TN09</StateDst>
    <Year>2026</Year>
    <FilingDate>2/9/2026</FilingDate>
    <DocID>20033889</DocID>
  </Member>
  <Member>
    <Prefix>Hon.</Prefix>
    <Last>Collins</Last>
    <First>Michael A.</First>
    <Suffix>Jr</Suffix>
    <FilingType>P</FilingType>
    <StateDst>GA10</StateDst>
    <Year>2026</Year>
    <FilingDate>1/20/2026</FilingDate>
    <DocID>20033840</DocID>
  </Member>
  <Member>
    <Prefix>Hon.</Prefix>
    <Last>Delaney</Last>
    <First>April McClain</First>
    <Suffix />
    <FilingType>P</FilingType>
    <StateDst>MD06</StateDst>
    <Year>2026</Year>
    <FilingDate>1/5/2026</FilingDate>
    <DocID>20033737</DocID>
  </Member>
  <Member>
    <Prefix>Hon.</Prefix>
    <Last>Delaney</Last>
    <First>April McClain</First>
    <Suffix />
    <FilingType>P</FilingType>
    <StateDst>MD06</StateDst>
    <Year>2026</Year>
    <FilingDate>2/2/2026</FilingDate>
    <DocID>20033921</DocID>
  </Member>
  <Member>
    <Prefix>Hon.</Prefix>
    <Last>DelBene</Last>
    <First>Suzan K.</First>
    <Suffix />
    <FilingType>P</FilingType>
    <StateDst>WA01</StateDst>
    <Year>2026</Year>
    <FilingDate>1/12/2026</FilingDate>
    <DocID>20033766</DocID>
  </Member>
  <Member>
    <Prefix>Hon.</Prefix>
    <Last>DelBene</Last>
    <First>Suzan K.</First>
    <Suffix />
    <FilingType>P</FilingType>
    <StateDst>WA01</StateDst>
    <Year>2026</Year>
    <FilingDate>1/23/2026</FilingDate>
    <DocID>20033835</DocID>
  </Member>
  <Member>
    <Prefix />
    <Last>Diep</Last>
    <First>Christopher</First>
    <Suffix />
    <FilingType>D</FilingType>
    <StateDst>NY12</StateDst>
    <Year>2026</Year>
    <FilingDate>1/20/2026</FilingDate>
    <DocID>8221308</DocID>
  </Member>
  <Member>
    <Prefix />
    <Last>Diep</Last>
    <First>Christopher</First>
    <Suffix />
    <FilingType>D</FilingType>
    <StateDst>NY12</StateDst>
    <Year>2026</Year>
    <FilingDate>1/20/2026</FilingDate>
    <DocID>8221328</DocID>
  </Member>
  <Member>
    <Prefix>Hon.</Prefix>
    <Last>Dingell</Last>
    <First>Debbie</First>
    <Suffix />
    <FilingType>P</FilingType>
    <StateDst>MI06</StateDst>
    <Year>2026</Year>
    <FilingDate>1/12/2026</FilingDate>
    <DocID>20033744</DocID>
  </Member>
  <Member>
    <Prefix>Hon.</Prefix>
    <Last>Dingell</Last>
    <First>Debbie</First>
    <Suffix />
    <FilingType>P</FilingType>
    <StateDst>MI06</StateDst>
    <Year>2026</Year>
    <FilingDate>2/23/2026</FilingDate>
    <DocID>20034035</DocID>
  </Member>
  <Member>
    <Prefix>Hon.</Prefix>
    <Last>Doggett</Last>
    <First>Lloyd</First>
    <Suffix />
    <FilingType>P</FilingType>
    <StateDst>TX37</StateDst>
    <Year>2026</Year>
    <FilingDate>1/2/2026</FilingDate>
    <DocID>20033713</DocID>
  </Member>
  <Member>
    <Prefix>Hon.</Prefix>
    <Last>Donalds</Last>
    <First>Byron</First>
    <Suffix />
    <FilingType>P</FilingType>
    <StateDst>FL19</StateDst>
    <Year>2026</Year>
    <FilingDate>1/7/2026</FilingDate>
    <DocID>20033747</DocID>
  </Member>
  <Member>
    <Prefix>Hon.</Prefix>
    <Last>Donalds</Last>
    <First>Byron</First>
    <Suffix />
    <FilingType>P</FilingType>
    <StateDst>FL19</StateDst>
    <Year>2026</Year>
    <FilingDate>1/9/2026</FilingDate>
    <DocID>20033780</DocID>
  </Member>
  <Member>
    <Prefix>Hon.</Prefix>
    <Last>Donalds</Last>
    <First>Byron</First>
    <Suffix />
    <FilingType>P</FilingType>
    <StateDst>FL19</StateDst>
    <Year>2026</Year>
    <FilingDate>2/12/2026</FilingDate>
    <DocID>20033981</DocID>
  </Member>
  <Member>
    <Prefix />
    <Last>Fields</Last>
    <First>Cleo</First>
    <Suffix />
    <FilingType>P</FilingType>
    <StateDst>LA06</StateDst>
    <Year>2026</Year>
    <FilingDate>1/16/2026</FilingDate>
    <DocID>20033732</DocID>
  </Member>
  <Member>
    <Prefix />
    <Last>Fields</Last>
    <First>Cleo</First>
    <Suffix />
    <FilingType>P</FilingType>
    <StateDst>LA06</StateDst>
    <Year>2026</Year>
    <FilingDate>2/3/2026</FilingDate>
    <DocID>20033858</DocID>
  </Member>
  <Member>
    <Prefix />
    <Last>Fields</Last>
    <First>Cleo</First>
    <Suffix />
    <FilingType>P</FilingType>
    <StateDst>LA06</StateDst>
    <Year>2026</Year>
    <FilingDate>2/24/2026</FilingDate>
    <DocID>20034018</DocID>
  </Member>
  <Member>
    <Prefix>Hon.</Prefix>
    <Last>Fleischmann</Last>
    <First>Charles J. "Chuck"</First>
    <Suffix />
    <FilingType>P</FilingType>
    <StateDst>TN03</StateDst>
    <Year>2026</Year>
    <FilingDate>2/9/2026</FilingDate>
    <DocID>8221321</DocID>
  </Member>
  <Member>
    <Prefix>Hon.</Prefix>
    <Last>Foxx</Last>
    <First>Virginia</First>
    <Suffix />
    <FilingType>P</FilingType>
    <StateDst>NC05</StateDst>
    <Year>2026</Year>
    <FilingDate>1/5/2026</FilingDate>
    <DocID>20033734</DocID>
  </Member>
  <Member>
    <Prefix>Hon.</Prefix>
    <Last>Foxx</Last>
    <First>Virginia</First>
    <Suffix />
    <FilingType>P</FilingType>
    <StateDst>NC05</StateDst>
    <Year>2026</Year>
    <FilingDate>2/6/2026</FilingDate>
    <DocID>20033947</DocID>
  </Member>
  <Member>
    <Prefix>Hon.</Prefix>
    <Last>Franklin</Last>
    <First>Scott Scott</First>
    <Suffix />
    <FilingType>P</FilingType>
    <StateDst>FL18</StateDst>
    <Year>2026</Year>
    <FilingDate>2/23/2026</FilingDate>
    <DocID>20034050</DocID>
  </Member>
  <Member>
    <Prefix>Mr.</Prefix>
    <Last>Frost</Last>
    <First>Jacob Thomas</First>
    <Suffix />
    <FilingType>C</FilingType>
    <StateDst>OH09</StateDst>
    <Year>2026</Year>
    <FilingDate>1/16/2026</FilingDate>
    <DocID>10073215</DocID>
  </Member>
  <Member>
    <Prefix />
    <Last>Gonzalez</Last>
    <First>Aiden Alexander</First>
    <Suffix />
    <FilingType>C</FilingType>
    <StateDst>PA07</StateDst>
    <Year>2026</Year>
    <FilingDate>1/27/2026</FilingDate>
    <DocID>10073267</DocID>
  </Member>
  <Member>
    <Prefix>Hon.</Prefix>
    <Last>Gottheimer</Last>
    <First>Josh</First>
    <Suffix />
    <FilingType>P</FilingType>
    <StateDst>NJ05</StateDst>
    <Year>2026</Year>
    <FilingDate>1/14/2026</FilingDate>
    <DocID>20033756</DocID>
  </Member>
  <Member>
    <Prefix>Hon.</Prefix>
    <Last>Gottheimer</Last>
    <First>Josh</First>
    <Suffix />
    <FilingType>P</FilingType>
    <StateDst>NJ05</StateDst>
    <Year>2026</Year>
    <FilingDate>2/26/2026</FilingDate>
    <DocID>20033930</DocID>
  </Member>
  <Member>
    <Prefix />
    <Last>Gray</Last>
    <First>Chuck</First>
    <Suffix />
    <FilingType>X</FilingType>
    <StateDst>WY00</StateDst>
    <Year>2026</Year>
    <FilingDate>2/4/2026</FilingDate>
    <DocID>30025652</DocID>
  </Member>
  <Member>
    <Prefix>Hon.</Prefix>
    <Last>Greene</Last>
    <First>Marjorie Taylor</First>
    <Suffix />
    <FilingType>X</FilingType>
    <StateDst>GA14</StateDst>
    <Year>2026</Year>
    <FilingDate>2/4/2026</FilingDate>
    <DocID>30025659</DocID>
  </Member>
  <Member>
    <Prefix>Hon.</Prefix>
    <Last>Guest</Last>
    <First>Michael Patrick</First>
    <Suffix />
    <FilingType>P</FilingType>
    <StateDst>MS03</StateDst>
    <Year>2026</Year>
    <FilingDate>2/17/2026</FilingDate>
    <DocID>20033944</DocID>
  </Member>
  <Member>
    <Prefix />
    <Last>Guidice</Last>
    <First>Victor</First>
    <Suffix />
    <FilingType>C</FilingType>
    <StateDst>MD01</StateDst>
    <Year>2026</Year>
    <FilingDate>1/18/2026</FilingDate>
    <DocID>10073226</DocID>
  </Member>
  <Member>
    <Prefix />
    <Last>Hamid</Last>
    <First>Omed</First>
    <Suffix />
    <FilingType>A</FilingType>
    <StateDst>CA11</StateDst>
    <Year>2026</Year>
    <FilingDate>2/1/2026</FilingDate>
    <DocID>10073297</DocID>
  </Member>
  <Member>
    <Prefix />
    <Last>Hamid</Last>
    <First>Omed</First>
    <Suffix />
    <FilingType>C</FilingType>
    <StateDst>CA11</StateDst>
    <Year>2026</Year>
    <FilingDate>2/1/2026</FilingDate>
    <DocID>10073243</DocID>
  </Member>
  <Member>
    <Prefix />
    <Last>Hermening</Last>
    <First>Kevin</First>
    <Suffix />
    <FilingType>C</FilingType>
    <StateDst>WI07</StateDst>
    <Year>2026</Year>
    <FilingDate>2/5/2026</FilingDate>
    <DocID>10073325</DocID>
  </Member>
  <Member>
    <Prefix>Hon.</Prefix>
    <Last>Hern</Last>
    <First>Kevin</First>
    <Suffix />
    <FilingType>P</FilingType>
    <StateDst>OK01</StateDst>
    <Year>2026</Year>
    <FilingDate>1/22/2026</FilingDate>
    <DocID>20033829</DocID>
  </Member>
  <Member>
    <Prefix>Hon.</Prefix>
    <Last>Hern</Last>
    <First>Kevin</First>
    <Suffix />
    <FilingType>P</FilingType>
    <StateDst>OK01</StateDst>
    <Year>2026</Year>
    <FilingDate>2/18/2026</FilingDate>
    <DocID>20034012</DocID>
  </Member>
  <Member>
    <Prefix />
    <Last>Hicks-Callaway</Last>
    <First>Vanessa F.</First>
    <Suffix />
    <FilingType>C</FilingType>
    <StateDst>TX35</StateDst>
    <Year>2026</Year>
    <FilingDate>1/22/2026</FilingDate>
    <DocID>10073238</DocID>
  </Member>
  <Member>
    <Prefix />
    <Last>Higgins</Last>
    <First>Sean</First>
    <Suffix />
    <FilingType>C</FilingType>
    <StateDst>ID02</StateDst>
    <Year>2026</Year>
    <FilingDate>1/28/2026</FilingDate>
    <DocID>10073261</DocID>
  </Member>
  <Member>
    <Prefix>Hon.</Prefix>
    <Last>Hill</Last>
    <First>James French</First>
    <Suffix />
    <FilingType>P</FilingType>
    <StateDst>AR02</StateDst>
    <Year>2026</Year>
    <FilingDate>1/23/2026</FilingDate>
    <DocID>20033661</DocID>
  </Member>
  <Member>
    <Prefix />
    <Last>Howard</Last>
    <First>Heath</First>
    <Suffix />
    <FilingType>X</FilingType>
    <StateDst>NH01</StateDst>
    <Year>2026</Year>
    <FilingDate>2/10/2026</FilingDate>
    <DocID>8221325</DocID>
  </Member>
  <Member>
    <Prefix />
    <Last>Hueffmeier</Last>
    <First>Brett</First>
    <Suffix />
    <FilingType>X</FilingType>
    <StateDst>MO05</StateDst>
    <Year>2026</Year>
    <FilingDate>2/4/2026</FilingDate>
    <DocID>30025651</DocID>
  </Member>
  <Member>
    <Prefix>Hon.</Prefix>
    <Last>Jackson</Last>
    <First>Jonathan</First>
    <Suffix />
    <FilingType>P</FilingType>
    <StateDst>IL01</StateDst>
    <Year>2026</Year>
    <FilingDate>1/8/2026</FilingDate>
    <DocID>20033739</DocID>
  </Member>
  <Member>
    <Prefix>Hon.</Prefix>
    <Last>Jackson</Last>
    <First>Jonathan</First>
    <Suffix />
    <FilingType>P</FilingType>
    <StateDst>IL01</StateDst>
    <Year>2026</Year>
    <FilingDate>2/23/2026</FilingDate>
    <DocID>20033929</DocID>
  </Member>
  <Member>
    <Prefix>Hon.</Prefix>
    <Last>Johnson</Last>
    <First>Julie</First>
    <Suffix />
    <FilingType>P</FilingType>
    <StateDst>TX32</StateDst>
    <Year>2026</Year>
    <FilingDate>1/15/2026</FilingDate>
    <DocID>20033789</DocID>
  </Member>
  <Member>
    <Prefix>Hon.</Prefix>
    <Last>Jordan</Last>
    <First>James D</First>
    <Suffix />
    <FilingType>P</FilingType>
    <StateDst>OH04</StateDst>
    <Year>2026</Year>
    <FilingDate>1/14/2026</FilingDate>
    <DocID>20033803</DocID>
  </Member>
  <Member>
    <Prefix />
    <Last>Kalai</Last>
    <First>Alexander Zachary</First>
    <Suffix />
    <FilingType>C</FilingType>
    <StateDst>TX07</StateDst>
    <Year>2026</Year>
    <FilingDate>2/1/2026</FilingDate>
    <DocID>10073301</DocID>
  </Member>
  <Member>
    <Prefix />
    <Last>Kalai</Last>
    <First>Alexander Zachary</First>
    <Suffix />
    <FilingType>X</FilingType>
    <StateDst>TX07</StateDst>
    <Year>2026</Year>
    <FilingDate>1/21/2026</FilingDate>
    <DocID>8221306</DocID>
  </Member>
  <Member>
    <Prefix>Hon.</Prefix>
    <Last>Kean</Last>
    <First>Thomas H.</First>
    <Suffix>Jr</Suffix>
    <FilingType>P</FilingType>
    <StateDst>NJ07</StateDst>
    <Year>2026</Year>
    <FilingDate>1/16/2026</FilingDate>
    <DocID>20033821</DocID>
  </Member>
  <Member>
    <Prefix>Hon.</Prefix>
    <Last>Kean</Last>
    <First>Thomas H.</First>
    <Suffix>Jr</Suffix>
    <FilingType>P</FilingType>
    <StateDst>NJ07</StateDst>
    <Year>2026</Year>
    <FilingDate>2/19/2026</FilingDate>
    <DocID>20034025</DocID>
  </Member>
  <Member>
    <Prefix>Hon.</Prefix>
    <Last>Keating</Last>
    <First>William R.</First>
    <Suffix />
    <FilingType>P</FilingType>
    <StateDst>MA09</StateDst>
    <Year>2026</Year>
    <FilingDate>2/6/2026</FilingDate>
    <DocID>20033946</DocID>
  </Member>
  <Member>
    <Prefix>Hon.</Prefix>
    <Last>Keating</Last>
    <First>William R.</First>
    <Suffix />
    <FilingType>P</FilingType>
    <StateDst>MA09</StateDst>
    <Year>2026</Year>
    <FilingDate>2/26/2026</FilingDate>
    <DocID>20034068</DocID>
  </Member>
  <Member>
    <Prefix>Hon.</Prefix>
    <Last>Kelly</Last>
    <First>Mike</First>
    <Suffix />
    <FilingType>P</FilingType>
    <StateDst>PA16</StateDst>
    <Year>2026</Year>
    <FilingDate>1/8/2026</FilingDate>
    <DocID>20033763</DocID>
  </Member>
  <Member>
    <Prefix>Hon.</Prefix>
    <Last>Kelly</Last>
    <First>Mike</First>
    <Suffix />
    <FilingType>P</FilingType>
    <StateDst>PA16</StateDst>
    <Year>2026</Year>
    <FilingDate>2/12/2026</FilingDate>
    <DocID>20033991</DocID>
  </Member>
  <Member>
    <Prefix>Hon.</Prefix>
    <Last>Khanna</Last>
    <First>Rohit</First>
    <Suffix />
    <FilingType>P</FilingType>
    <StateDst>CA17</StateDst>
    <Year>2026</Year>
    <FilingDate>2/6/2026</FilingDate>
    <DocID>8221322</DocID>
  </Member>
  <Member>
    <Prefix>Hon.</Prefix>
    <Last>Larsen</Last>
    <First>Rick</First>
    <Suffix />
    <FilingType>P</FilingType>
    <StateDst>WA02</StateDst>
    <Year>2026</Year>
    <FilingDate>1/14/2026</FilingDate>
    <DocID>20033814</DocID>
  </Member>
  <Member>
    <Prefix>Hon.</Prefix>
    <Last>Latta</Last>
    <First>Robert E.</First>
    <Suffix />
    <FilingType>P</FilingType>
    <StateDst>OH05</StateDst>
    <Year>2026</Year>
    <FilingDate>1/23/2026</FilingDate>
    <DocID>20033857</DocID>
  </Member>
  <Member>
    <Prefix>Hon.</Prefix>
    <Last>Letlow</Last>
    <First>Julia</First>
    <Suffix />
    <FilingType>P</FilingType>
    <StateDst>LA05</StateDst>
    <Year>2026</Year>
    <FilingDate>1/13/2026</FilingDate>
    <DocID>20030977</DocID>
  </Member>
  <Member>
    <Prefix>Hon.</Prefix>
    <Last>Lofgren</Last>
    <First>Zoe</First>
    <Suffix />
    <FilingType>P</FilingType>
    <StateDst>CA18</StateDst>
    <Year>2026</Year>
    <FilingDate>1/6/2026</FilingDate>
    <DocID>20033738</DocID>
  </Member>
  <Member>
    <Prefix>Hon.</Prefix>
    <Last>Matsui</Last>
    <First>Doris O.</First>
    <Suffix />
    <FilingType>P</FilingType>
    <StateDst>CA07</StateDst>
    <Year>2026</Year>
    <FilingDate>1/9/2026</FilingDate>
    <DocID>20033695</DocID>
  </Member>
  <Member>
    <Prefix />
    <Last>May</Last>
    <First>Donald Robert Lee</First>
    <Suffix />
    <FilingType>C</FilingType>
    <StateDst>TX19</StateDst>
    <Year>2026</Year>
    <FilingDate>2/1/2026</FilingDate>
    <DocID>10073278</DocID>
  </Member>
  <Member>
    <Prefix>Hon.</Prefix>
    <Last>McCaul</Last>
    <First>Michael T.</First>
    <Suffix />
    <FilingType>P</FilingType>
    <StateDst>TX10</StateDst>
    <Year>2026</Year>
    <FilingDate>2/11/2026</FilingDate>
    <DocID>8221326</DocID>
  </Member>
  <Member>
    <Prefix>Hon.</Prefix>
    <Last>McClain</Last>
    <First>Lisa</First>
    <Suffix />
    <FilingType>P</FilingType>
    <StateDst>MI09</StateDst>
    <Year>2026</Year>
    <FilingDate>1/7/2026</FilingDate>
    <DocID>20033736</DocID>
  </Member>
  <Member>
    <Prefix>Hon.</Prefix>
    <Last>McClain</Last>
    <First>Lisa</First>
    <Suffix />
    <FilingType>P</FilingType>
    <StateDst>MI09</StateDst>
    <Year>2026</Year>
    <FilingDate>2/11/2026</FilingDate>
    <DocID>20033964</DocID>
  </Member>
  <Member>
    <Prefix />
    <Last>McClellan</Last>
    <First>Kevin Harrison</First>
    <Suffix />
    <FilingType>X</FilingType>
    <StateDst>FL20</StateDst>
    <Year>2026</Year>
    <FilingDate>1/30/2026</FilingDate>
    <DocID>30025650</DocID>
  </Member>
  <Member>
    <Prefix>Hon.</Prefix>
    <Last>McGuire</Last>
    <First>John</First>
    <Suffix />
    <FilingType>P</FilingType>
    <StateDst>VA05</StateDst>
    <Year>2026</Year>
    <FilingDate>2/10/2026</FilingDate>
    <DocID>20033956</DocID>
  </Member>
  <Member>
    <Prefix />
    <Last>McKinney</Last>
    <First>Amanda</First>
    <Suffix />
    <FilingType>X</FilingType>
    <StateDst>WA04</StateDst>
    <Year>2026</Year>
    <FilingDate>2/9/2026</FilingDate>
    <DocID>30025655</DocID>
  </Member>
  <Member>
    <Prefix>Hon.</Prefix>
    <Last>Meuser</Last>
    <First>Daniel</First>
    <Suffix />
    <FilingType>P</FilingType>
    <StateDst>PA09</StateDst>
    <Year>2026</Year>
    <FilingDate>2/17/2026</FilingDate>
    <DocID>20034016</DocID>
  </Member>
  <Member>
    <Prefix>Hon.</Prefix>
    <Last>Miller</Last>
    <First>Max</First>
    <Suffix />
    <FilingType>P</FilingType>
    <StateDst>OH07</StateDst>
    <Year>2026</Year>
    <FilingDate>1/29/2026</FilingDate>
    <DocID>20033881</DocID>
  </Member>
  <Member>
    <Prefix>Hon.</Prefix>
    <Last>Moore</Last>
    <First>Tim</First>
    <Suffix />
    <FilingType>P</FilingType>
    <StateDst>NC14</StateDst>
    <Year>2026</Year>
    <FilingDate>1/7/2026</FilingDate>
    <DocID>20033746</DocID>
  </Member>
  <Member>
    <Prefix>Hon.</Prefix>
    <Last>Moore</Last>
    <First>Tim</First>
    <Suffix />
    <FilingType>P</FilingType>
    <StateDst>NC14</StateDst>
    <Year>2026</Year>
    <FilingDate>1/24/2026</FilingDate>
    <DocID>20033856</DocID>
  </Member>
  <Member>
    <Prefix>Hon.</Prefix>
    <Last>Moore</Last>
    <First>Tim</First>
    <Suffix />
    <FilingType>P</FilingType>
    <StateDst>NC14</StateDst>
    <Year>2026</Year>
    <FilingDate>2/20/2026</FilingDate>
    <DocID>20034034</DocID>
  </Member>
  <Member>
    <Prefix>Hon.</Prefix>
    <Last>Morrison</Last>
    <First>Kelly Louise</First>
    <Suffix />
    <FilingType>P</FilingType>
    <StateDst>MN03</StateDst>
    <Year>2026</Year>
    <FilingDate>1/20/2026</FilingDate>
    <DocID>20033830</DocID>
  </Member>
  <Member>
    <Prefix>Hon.</Prefix>
    <Last>Morrison</Last>
    <First>Kelly Louise</First>
    <Suffix />
    <FilingType>P</FilingType>
    <StateDst>MN03</StateDst>
    <Year>2026</Year>
    <FilingDate>2/4/2026</FilingDate>
    <DocID>20033928</DocID>
  </Member>
  <Member>
    <Prefix>Hon.</Prefix>
    <Last>Morrison</Last>
    <First>Kelly Louise</First>
    <Suffix />
    <FilingType>P</FilingType>
    <StateDst>MN03</StateDst>
    <Year>2026</Year>
    <FilingDate>2/12/2026</FilingDate>
    <DocID>20033989</DocID>
  </Member>
  <Member>
    <Prefix>Hon.</Prefix>
    <Last>Morrison</Last>
    <First>Kelly Louise</First>
    <Suffix />
    <FilingType>P</FilingType>
    <StateDst>MN03</StateDst>
    <Year>2026</Year>
    <FilingDate>2/25/2026</FilingDate>
    <DocID>20034056</DocID>
  </Member>
  <Member>
    <Prefix />
    <Last>Morton</Last>
    <First>Maurice Gerard</First>
    <Suffix />
    <FilingType>C</FilingType>
    <StateDst>MI13</StateDst>
    <Year>2026</Year>
    <FilingDate>1/29/2026</FilingDate>
    <DocID>10073208</DocID>
  </Member>
  <Member>
    <Prefix />
    <Last>Morton</Last>
    <First>Maurice Gerard</First>
    <Suffix />
    <FilingType>X</FilingType>
    <StateDst>MI13</StateDst>
    <Year>2026</Year>
    <FilingDate>1/21/2026</FilingDate>
    <DocID>30025640</DocID>
  </Member>
  <Member>
    <Prefix>Hon.</Prefix>
    <Last>Moskowitz</Last>
    <First>Jared</First>
    <Suffix />
    <FilingType>P</FilingType>
    <StateDst>FL23</StateDst>
    <Year>2026</Year>
    <FilingDate>1/16/2026</FilingDate>
    <DocID>20033760</DocID>
  </Member>
  <Member>
    <Prefix>Hon.</Prefix>
    <Last>Newhouse</Last>
    <First>Dan</First>
    <Suffix />
    <FilingType>P</FilingType>
    <StateDst>WA04</StateDst>
    <Year>2026</Year>
    <FilingDate>1/15/2026</FilingDate>
    <DocID>20033654</DocID>
  </Member>
  <Member>
    <Prefix />
    <Last>Oldfield</Last>
    <First>Christopher</First>
    <Suffix />
    <FilingType>X</FilingType>
    <StateDst>CO01</StateDst>
    <Year>2026</Year>
    <FilingDate>1/27/2026</FilingDate>
    <DocID>8221316</DocID>
  </Member>
  <Member>
    <Prefix>Hon.</Prefix>
    <Last>Pelosi</Last>
    <First>Nancy</First>
    <Suffix />
    <FilingType>P</FilingType>
    <StateDst>CA11</StateDst>
    <Year>2026</Year>
    <FilingDate>1/23/2026</FilingDate>
    <DocID>20033725</DocID>
  </Member>
  <Member>
    <Prefix>Hon.</Prefix>
    <Last>Peters</Last>
    <First>Scott H.</First>
    <Suffix />
    <FilingType>P</FilingType>
    <StateDst>CA50</StateDst>
    <Year>2026</Year>
    <FilingDate>1/19/2026</FilingDate>
    <DocID>20033815</DocID>
  </Member>
  <Member>
    <Prefix>Hon.</Prefix>
    <Last>Peters</Last>
    <First>Scott H.</First>
    <Suffix />
    <FilingType>P</FilingType>
    <StateDst>CA50</StateDst>
    <Year>2026</Year>
    <FilingDate>2/25/2026</FilingDate>
    <DocID>20034010</DocID>
  </Member>
  <Member>
    <Prefix>Hon.</Prefix>
    <Last>Pfluger</Last>
    <First>August Lee</First>
    <Suffix>II</Suffix>
    <FilingType>P</FilingType>
    <StateDst>TX11</StateDst>
    <Year>2026</Year>
    <FilingDate>1/20/2026</FilingDate>
    <DocID>20033804</DocID>
  </Member>
  <Member>
    <Prefix>Hon.</Prefix>
    <Last>Pfluger</Last>
    <First>August Lee</First>
    <Suffix>II</Suffix>
    <FilingType>P</FilingType>
    <StateDst>TX11</StateDst>
    <Year>2026</Year>
    <FilingDate>2/11/2026</FilingDate>
    <DocID>20033920</DocID>
  </Member>
  <Member>
    <Prefix />
    <Last>Reynoso</Last>
    <First>Antonio</First>
    <Suffix />
    <FilingType>X</FilingType>
    <StateDst>NY07</StateDst>
    <Year>2026</Year>
    <FilingDate>1/5/2026</FilingDate>
    <DocID>8221289</DocID>
  </Member>
  <Member>
    <Prefix>Mr.</Prefix>
    <Last>Roark</Last>
    <First>Keil Louis</First>
    <Suffix />
    <FilingType>A</FilingType>
    <StateDst>IN09</StateDst>
    <Year>2026</Year>
    <FilingDate>2/13/2026</FilingDate>
    <DocID>10073264</DocID>
  </Member>
  <Member>
    <Prefix>Mr.</Prefix>
    <Last>Roark</Last>
    <First>Keil Louis</First>
    <Suffix />
    <FilingType>C</FilingType>
    <StateDst>IN09</StateDst>
    <Year>2026</Year>
    <FilingDate>1/25/2026</FilingDate>
    <DocID>10073256</DocID>
  </Member>
  <Member>
    <Prefix />
    <Last>Robinson</Last>
    <First>Michael</First>
    <Suffix />
    <FilingType>A</FilingType>
    <StateDst>PA10</StateDst>
    <Year>2026</Year>
    <FilingDate>2/23/2026</FilingDate>
    <DocID>10074395</DocID>
  </Member>
  <Member>
    <Prefix />
    <Last>Robinson</Last>
    <First>Michael D.</First>
    <Suffix />
    <FilingType>C</FilingType>
    <StateDst>PA10</StateDst>
    <Year>2026</Year>
    <FilingDate>2/11/2026</FilingDate>
    <DocID>10073298</DocID>
  </Member>
  <Member>
    <Prefix />
    <Last>Robinson</Last>
    <First>Michael D.</First>
    <Suffix />
    <FilingType>W</FilingType>
    <StateDst>PA10</StateDst>
    <Year>2026</Year>
    <FilingDate>2/20/2026</FilingDate>
    <DocID>8043</DocID>
  </Member>
  <Member>
    <Prefix />
    <Last>Rogers</Last>
    <First>Doug</First>
    <Suffix />
    <FilingType>C</FilingType>
    <StateDst>TX36</StateDst>
    <Year>2026</Year>
    <FilingDate>2/15/2026</FilingDate>
    <DocID>10073187</DocID>
  </Member>
  <Member>
    <Prefix />
    <Last>Rogers</Last>
    <First>Doug</First>
    <Suffix />
    <FilingType>X</FilingType>
    <StateDst>TX36</StateDst>
    <Year>2026</Year>
    <FilingDate>1/13/2026</FilingDate>
    <DocID>8221293</DocID>
  </Member>
  <Member>
    <Prefix>Hon.</Prefix>
    <Last>Rogers</Last>
    <First>Harold Dallas</First>
    <Suffix />
    <FilingType>P</FilingType>
    <StateDst>KY05</StateDst>
    <Year>2026</Year>
    <FilingDate>2/13/2026</FilingDate>
    <DocID>8221332</DocID>
  </Member>
  <Member>
    <Prefix>Hon.</Prefix>
    <Last>Rouzer</Last>
    <First>David</First>
    <Suffix />
    <FilingType>P</FilingType>
    <StateDst>NC07</StateDst>
    <Year>2026</Year>
    <FilingDate>1/7/2026</FilingDate>
    <DocID>20033758</DocID>
  </Member>
  <Member>
    <Prefix>Hon.</Prefix>
    <Last>Rouzer</Last>
    <First>David</First>
    <Suffix />
    <FilingType>P</FilingType>
    <StateDst>NC07</StateDst>
    <Year>2026</Year>
    <FilingDate>1/7/2026</FilingDate>
    <DocID>20033759</DocID>
  </Member>
  <Member>
    <Prefix>Hon.</Prefix>
    <Last>Sanchez</Last>
    <First>Linda T.</First>
    <Suffix />
    <FilingType>P</FilingType>
    <StateDst>CA38</StateDst>
    <Year>2026</Year>
    <FilingDate>1/9/2026</FilingDate>
    <DocID>20033755</DocID>
  </Member>
  <Member>
    <Prefix />
    <Last>Servance</Last>
    <First>Squire</First>
    <Suffix />
    <FilingType>X</FilingType>
    <StateDst>NJ12</StateDst>
    <Year>2026</Year>
    <FilingDate>1/21/2026</FilingDate>
    <DocID>30025633</DocID>
  </Member>
  <Member>
    <Prefix />
    <Last>Shepard</Last>
    <First>Casey</First>
    <Suffix />
    <FilingType>C</FilingType>
    <StateDst>TX17</StateDst>
    <Year>2026</Year>
    <FilingDate>2/18/2026</FilingDate>
    <DocID>10073306</DocID>
  </Member>
  <Member>
    <Prefix>Hon.</Prefix>
    <Last>Shreve</Last>
    <First>Jefferson</First>
    <Suffix />
    <FilingType>P</FilingType>
    <StateDst>IN06</StateDst>
    <Year>2026</Year>
    <FilingDate>1/1/2026</FilingDate>
    <DocID>20033705</DocID>
  </Member>
  <Member>
    <Prefix>Hon.</Prefix>
    <Last>Shreve</Last>
    <First>Jefferson</First>
    <Suffix />
    <FilingType>P</FilingType>
    <StateDst>IN06</StateDst>
    <Year>2026</Year>
    <FilingDate>1/2/2026</FilingDate>
    <DocID>20033709</DocID>
  </Member>
  <Member>
    <Prefix />
    <Last>Sin</Last>
    <First>Matthew</First>
    <Suffix />
    <FilingType>C</FilingType>
    <StateDst>NC10</StateDst>
    <Year>2026</Year>
    <FilingDate>1/29/2026</FilingDate>
    <DocID>10073277</DocID>
  </Member>
  <Member>
    <Prefix />
    <Last>Singer</Last>
    <First>Scott M.</First>
    <Suffix />
    <FilingType>X</FilingType>
    <StateDst>FL23</StateDst>
    <Year>2026</Year>
    <FilingDate>1/30/2026</FilingDate>
    <DocID>30025646</DocID>
  </Member>
  <Member>
    <Prefix />
    <Last>Stover</Last>
    <First>Brian C.</First>
    <Suffix />
    <FilingType>C</FilingType>
    <StateDst>GA14</StateDst>
    <Year>2026</Year>
    <FilingDate>2/9/2026</FilingDate>
    <DocID>10073273</DocID>
  </Member>
  <Member>
    <Prefix>Hon.</Prefix>
    <Last>Taylor</Last>
    <First>David J.</First>
    <Suffix />
    <FilingType>P</FilingType>
    <StateDst>OH02</StateDst>
    <Year>2026</Year>
    <FilingDate>1/21/2026</FilingDate>
    <DocID>20033845</DocID>
  </Member>
  <Member>
    <Prefix>Hon.</Prefix>
    <Last>Taylor</Last>
    <First>David J.</First>
    <Suffix />
    <FilingType>P</FilingType>
    <StateDst>OH02</StateDst>
    <Year>2026</Year>
    <FilingDate>2/2/2026</FilingDate>
    <DocID>20033916</DocID>
  </Member>
  <Member>
    <Prefix>Hon.</Prefix>
    <Last>Taylor</Last>
    <First>David J.</First>
    <Suffix />
    <FilingType>P</FilingType>
    <StateDst>OH02</StateDst>
    <Year>2026</Year>
    <FilingDate>2/2/2026</FilingDate>
    <DocID>20033918</DocID>
  </Member>
  <Member>
    <Prefix>Hon.</Prefix>
    <Last>Taylor</Last>
    <First>David J.</First>
    <Suffix />
    <FilingType>P</FilingType>
    <StateDst>OH02</StateDst>
    <Year>2026</Year>
    <FilingDate>2/20/2026</FilingDate>
    <DocID>20034036</DocID>
  </Member>
  <Member>
    <Prefix />
    <Last>Trobough</Last>
    <First>John</First>
    <Suffix />
    <FilingType>X</FilingType>
    <StateDst>AZ01</StateDst>
    <Year>2026</Year>
    <FilingDate>1/13/2026</FilingDate>
    <DocID>8221294</DocID>
  </Member>
  <Member>
    <Prefix />
    <Last>Vargas</Last>
    <First>Stephanie M.</First>
    <Suffix />
    <FilingType>C</FilingType>
    <StateDst>CA33</StateDst>
    <Year>2026</Year>
    <FilingDate>1/31/2026</FilingDate>
    <DocID>10073293</DocID>
  </Member>
  <Member>
    <Prefix>Hon.</Prefix>
    <Last>Wagner</Last>
    <First>Ann</First>
    <Suffix />
    <FilingType>P</FilingType>
    <StateDst>MO02</StateDst>
    <Year>2026</Year>
    <FilingDate>1/2/2026</FilingDate>
    <DocID>20033718</DocID>
  </Member>
  <Member>
    <Prefix />
    <Last>Watson</Last>
    <First>Colby</First>
    <Suffix />
    <FilingType>C</FilingType>
    <StateDst>NC08</StateDst>
    <Year>2026</Year>
    <FilingDate>1/9/2026</FilingDate>
    <DocID>10073174</DocID>
  </Member>
  <Member>
    <Prefix />
    <Last>Weeks</Last>
    <First>Carter Jordan</First>
    <Suffix />
    <FilingType>D</FilingType>
    <StateDst>AZ06</StateDst>
    <Year>2026</Year>
    <FilingDate>2/18/2026</FilingDate>
    <DocID>40004902</DocID>
  </Member>
  <Member>
    <Prefix>Hon.</Prefix>
    <Last>Williams</Last>
    <First>Roger</First>
    <Suffix />
    <FilingType>P</FilingType>
    <StateDst>TX25</StateDst>
    <Year>2026</Year>
    <FilingDate>1/15/2026</FilingDate>
    <DocID>20033783</DocID>
  </Member>
</FinancialDisclosure>